threshold,floor_pct,median_pct_Non-neoplastic brain,median_pct_BCBM,median_pct_Non-neoplastic liver,median_pct_Liver metastasis,separation_Non-neoplastic brain,separation_BCBM,separation_Non-neoplastic liver,separation_Liver metastasis
0.02,99.9893,99.997,99.9451,99.95309999999999,99.9799,1.0000770082398818,0.999557952700939,0.9996379612618549,0.9999059899409236
0.04,99.6078,99.96119999999999,99.7723,99.4746,99.7851,1.0035479149223252,1.0016514770931593,0.99866275532639,1.0017799810858186
0.06,97.6143,99.23689999999999,97.9318,97.23695,98.358,1.0166225645217966,1.003252597211679,0.9961342754084187,1.007618760775829
0.08,92.3925,98.0656,91.0768,95.1687,95.5702,1.0614021700895635,0.9857596666396082,1.0300478934978488,1.0343934843196148
0.1,78.9763,97.5531,83.0451,92.20984999999999,92.2979,1.2352199330685283,1.0515192532443278,1.1675635602073027,1.1686784516367568
0.12,66.5149,96.3642,77.3892,89.34715,88.0158,1.4487611046547466,1.1634866774211492,1.3432651932123478,1.3232493772072123
0.14,50.795500000000004,94.65559999999999,70.43639999999999,85.75035,85.4277,1.8634642832534376,1.386666141685779,1.6881485564666159,1.6817966158419542
0.16,34.0001,90.98570000000001,62.5024,81.3276,82.4123,2.6760421292878553,1.8383004755868366,2.391981200055294,2.4238840473998606
0.18,19.219900000000003,89.09479999999999,54.81,76.22175,78.5797,4.635549612641064,2.851731798812689,3.9657724545913347,4.088455194876143
0.2,9.4081,87.95779999999999,47.6754,70.20885,73.0523,9.349156577842498,5.067484401738927,7.46259606084119,7.764830305800322
0.22,4.5559,84.10260000000001,42.7385,64.2395,65.2282,18.460150573980993,9.380912662701112,14.100287539234838,14.317302838078096
0.24,2.3226,79.7208,37.9567,58.288050000000005,55.797799999999995,34.323947300439166,16.342331869456643,25.096034616378198,24.023852579006284
0.26,1.2996,75.3104,33.380500000000005,52.4339,45.4244,57.94890735610957,25.6852108341028,40.346183441058784,34.95260080024622
0.28,0.9053,70.3935,29.0883,46.88440000000001,35.542699999999996,77.75709709488567,32.131116756876175,51.78879929305203,39.260687065061305
0.3,0.627,64.5489,25.080799999999996,41.67530000000001,27.3274,102.94880382775119,40.001275917065385,66.46778309409889,43.58437001594896
0.32,0.42969999999999997,57.647099999999995,21.370800000000003,36.971900000000005,20.916999999999998,134.15662089830116,49.73423318594369,86.04119152897371,48.6781475447987
0.34,0.2949,50.0562,18.031,32.737649999999995,16.0397,169.73957273652084,61.142760257714485,111.01271617497456,54.3903017972194
0.36,0.2042,42.9636,14.5955,28.899399999999996,12.1197,210.3996082272282,71.47649363369246,141.52497551420174,59.35210577864839
0.38,0.14400000000000002,36.776199999999996,11.4135,25.30575,8.439,255.39027777777775,79.26041666666666,175.73437499999997,58.604166666666664
0.4,0.1033,32.1116,8.9309,21.9193,5.8714,310.8576960309777,86.45595353339786,212.19070667957405,56.838334946757016
0.42,0.0747,27.5248,6.983300000000001,18.61355,4.4649,368.4712182061579,93.48460508701473,249.17737617135208,59.77108433734939
0.44,0.0544,22.1736,5.500900000000001,15.28785,3.3508000000000004,407.60294117647055,101.11948529411765,281.0266544117647,61.59558823529412
0.46,0.0404,17.9862,4.337400000000001,12.31935,2.4733,445.20297029702965,107.36138613861387,304.93440594059405,61.22029702970297
0.48,0.030400000000000003,14.0595,3.4273,9.707450000000001,1.797,462.4835526315789,112.74013157894736,319.32401315789474,59.11184210526316
0.5,0.0232,10.4605,2.7129,7.4571,1.2848,450.8836206896552,116.9353448275862,321.42672413793105,55.37931034482759
0.52,0.018000000000000002,7.3057,2.1342,5.50725,0.9053,405.8722222222222,118.56666666666666,305.9583333333333,50.294444444444444
0.54,0.0142,5.0200000000000005,1.6617,3.97215,0.6295000000000001,353.5211267605634,117.02112676056338,279.7288732394366,44.33098591549296
0.56,0.0106,3.2162999999999995,1.2543,2.8054,0.43119999999999997,303.42452830188677,118.33018867924528,264.66037735849056,40.679245283018865
0.58,0.007600000000000001,2.0469,0.9322,1.9501000000000002,0.29550000000000004,269.32894736842104,122.65789473684211,256.5921052631579,38.88157894736842
0.6,0.0073999999999999995,1.2685,0.6625,1.3405,0.2022,171.41891891891893,89.52702702702703,181.14864864864867,27.324324324324326
0.62,0.0068,0.8007,0.45719999999999994,0.92375,0.1401,117.75,67.23529411764706,135.84558823529412,20.602941176470587
0.64,0.0063999999999999994,0.5861,0.3402,0.6396,0.09709999999999999,91.578125,53.15625000000001,99.9375,15.171875
0.66,0.0059,0.49420000000000003,0.2625,0.44884999999999997,0.0677,83.76271186440678,44.49152542372882,76.07627118644068,11.474576271186441
0.68,0.0057,0.4328,0.1838,0.31679999999999997,0.0478,75.9298245614035,32.24561403508772,55.57894736842105,8.385964912280702
0.7,0.005399999999999999,0.3755,0.1275,0.22859999999999997,0.0342,69.53703703703704,23.611111111111114,42.33333333333333,6.333333333333334
0.72,0.0052,0.302,0.0889,0.1656,0.0281,58.07692307692308,17.096153846153847,31.846153846153847,5.403846153846154
0.74,0.0049,0.24989999999999998,0.0665,0.12144999999999999,0.0197,51.0,13.571428571428571,24.785714285714285,4.020408163265306
0.76,0.0046,0.2086,0.0481,0.08844999999999999,0.013200000000000002,45.34782608695652,10.456521739130434,19.228260869565215,2.8695652173913047
0.78,0.0043,0.1751,0.034499999999999996,0.0655,0.0081,40.72093023255814,8.023255813953488,15.232558139534882,1.8837209302325582
0.8,0.0041,0.147,0.0249,0.04705,0.0051,35.853658536585364,6.073170731707316,11.47560975609756,1.2439024390243902
