threshold,pair,median_a,median_b,direction,p,p_adj,kruskal_p
0.24,non-neoplastic brain vs BCBM,72.39314999999999,32.3481,>,0.000194458396315666,0.0010118754663449344,2.198239499315352e-05
0.24,non-neoplastic brain vs non-neoplastic liver,72.39314999999999,59.154700000000005,>,0.21229383619233166,0.23814918649879224,2.198239499315352e-05
0.24,non-neoplastic brain vs liver metastasis,72.39314999999999,37.7286,>,0.005410729359599602,0.008116094039399403,2.198239499315352e-05
0.24,BCBM vs non-neoplastic liver,32.3481,59.154700000000005,<,0.0003372918221149781,0.0010118754663449344,2.198239499315352e-05
0.24,BCBM vs liver metastasis,32.3481,37.7286,<,0.23814918649879224,0.23814918649879224,2.198239499315352e-05
0.24,non-neoplastic liver vs liver metastasis,59.154700000000005,37.7286,>,0.005410729359599602,0.008116094039399403,2.198239499315352e-05
0.26,non-neoplastic brain vs BCBM,67.7179,26.834049999999998,>,0.00038593988430200013,0.0011578196529060004,5.174462484454446e-05
0.26,non-neoplastic brain vs non-neoplastic liver,67.7179,52.80545000000001,>,0.161972410480126,0.1943668925761512,5.174462484454446e-05
0.26,non-neoplastic brain vs liver metastasis,67.7179,30.7481,>,0.012425126520044185,0.018637689780066278,5.174462484454446e-05
0.26,BCBM vs non-neoplastic liver,26.834049999999998,52.80545000000001,<,0.00038593988430200013,0.0011578196529060004,5.174462484454446e-05
0.26,BCBM vs liver metastasis,26.834049999999998,30.7481,<,0.3108304266194847,0.3108304266194847,5.174462484454446e-05
0.26,non-neoplastic liver vs liver metastasis,52.80545000000001,30.7481,>,0.005410729359599602,0.010821458719199204,5.174462484454446e-05
0.28,non-neoplastic brain vs BCBM,63.2184,21.85015,>,0.000503515973762458,0.001510547921287374,7.308643726203879e-05
0.28,non-neoplastic brain vs non-neoplastic liver,63.2184,46.4137,>,0.161972410480126,0.1943668925761512,7.308643726203879e-05
0.28,non-neoplastic brain vs liver metastasis,63.2184,24.9379,>,0.015123134403066849,0.022684701604600274,7.308643726203879e-05
0.28,BCBM vs non-neoplastic liver,21.85015,46.4137,<,0.000503515973762458,0.001510547921287374,7.308643726203879e-05
0.28,BCBM vs liver metastasis,21.85015,24.9379,<,0.39680750702865775,0.3968075070286578,7.308643726203879e-05
0.28,non-neoplastic liver vs liver metastasis,46.4137,24.9379,>,0.0034740985852302927,0.0069481971704605855,7.308643726203879e-05
0.3,non-neoplastic brain vs BCBM,58.45135,17.5946,>,0.00057410837830095,0.001961487775628594,0.0001074871237242464
0.3,non-neoplastic brain vs non-neoplastic liver,58.45135,40.11785,>,0.10410988966022681,0.12493186759227218,0.0001074871237242464
0.3,non-neoplastic brain vs liver metastasis,58.45135,19.4426,>,0.012425126520044185,0.018637689780066278,0.0001074871237242464
0.3,BCBM vs non-neoplastic liver,17.5946,40.11785,<,0.0006538292585428646,0.001961487775628594,0.0001074871237242464
0.3,BCBM vs liver metastasis,17.5946,19.4426,<,0.560899785333059,0.560899785333059,0.0001074871237242464
0.3,non-neoplastic liver vs liver metastasis,40.11785,19.4426,>,0.006706275607805576,0.013412551215611154,0.0001074871237242464
0.32,non-neoplastic brain vs BCBM,53.23365,14.13965,>,0.000503515973762458,0.003021095842574748,0.0001297042258318891
0.32,non-neoplastic brain vs non-neoplastic liver,53.23365,33.91585,>,0.10410988966022681,0.12493186759227218,0.0001297042258318891
0.32,non-neoplastic brain vs liver metastasis,53.23365,14.702699999999998,>,0.01016243891363769,0.015243658370456534,0.0001297042258318891
0.32,BCBM vs non-neoplastic liver,14.13965,33.91585,<,0.0010870614283416211,0.0032611842850248634,0.0001297042258318891
0.32,BCBM vs liver metastasis,14.13965,14.702699999999998,<,0.8031931929953257,0.8031931929953257,0.0001297042258318891
0.32,non-neoplastic liver vs liver metastasis,33.91585,14.702699999999998,>,0.006706275607805576,0.013412551215611154,0.0001297042258318891
0.34,non-neoplastic brain vs BCBM,47.6074,11.55435,>,0.00057410837830095,0.0034446502698057,0.00020101355866395887
0.34,non-neoplastic brain vs non-neoplastic liver,47.6074,27.80915,>,0.07566157214388701,0.0907938865726644,0.00020101355866395887
0.34,non-neoplastic brain vs liver metastasis,47.6074,11.304300000000001,>,0.01016243891363769,0.015243658370456534,0.00020101355866395887
0.34,BCBM vs non-neoplastic liver,11.55435,27.80915,<,0.0017738646511227963,0.005321593953368389,0.00020101355866395887
0.34,BCBM vs liver metastasis,11.55435,11.304300000000001,>,0.9867442014963527,0.9867442014963527,0.00020101355866395887
0.34,non-neoplastic liver vs liver metastasis,27.80915,11.304300000000001,>,0.01016243891363769,0.015243658370456534,0.00020101355866395887
0.36,non-neoplastic brain vs BCBM,42.05765,9.4128,>,0.0010870614283416211,0.006522368570049727,0.00038776362317817216
0.36,non-neoplastic brain vs non-neoplastic liver,42.05765,22.706699999999998,>,0.07566157214388701,0.0907938865726644,0.00038776362317817216
0.36,non-neoplastic brain vs liver metastasis,42.05765,8.9549,>,0.00827421565071521,0.01654843130143042,0.00038776362317817216
0.36,BCBM vs non-neoplastic liver,9.4128,22.706699999999998,<,0.0031870039102465733,0.00956101173073972,0.00038776362317817216
0.36,BCBM vs liver metastasis,9.4128,8.9549,>,0.828997279053796,0.8289972790537959,0.00038776362317817216
0.36,non-neoplastic liver vs liver metastasis,22.706699999999998,8.9549,>,0.012425126520044185,0.018637689780066278,0.00038776362317817216
0.38,non-neoplastic brain vs BCBM,36.73025,7.649050000000001,>,0.0015722210843067159,0.009433326505840296,0.0005776740557933445
0.38,non-neoplastic brain vs non-neoplastic liver,36.73025,18.98025,>,0.10410988966022681,0.12493186759227218,0.0005776740557933445
0.38,non-neoplastic brain vs liver metastasis,36.73025,6.981,>,0.00827421565071521,0.01654843130143042,0.0005776740557933445
0.38,BCBM vs non-neoplastic liver,7.649050000000001,18.98025,<,0.003996177824820249,0.011988533474460746,0.0005776740557933445
0.38,BCBM vs liver metastasis,7.649050000000001,6.981,>,0.6537274573701024,0.6537274573701024,0.0005776740557933445
0.38,non-neoplastic liver vs liver metastasis,18.98025,6.981,>,0.015123134403066849,0.022684701604600274,0.0005776740557933445
0.4,non-neoplastic brain vs BCBM,31.7053,6.182650000000001,>,0.0019990412899631915,0.011994247739779149,0.0008259504331484344
0.4,non-neoplastic brain vs non-neoplastic liver,31.7053,15.09055,>,0.10410988966022681,0.12493186759227218,0.0008259504331484344
0.4,non-neoplastic brain vs liver metastasis,31.7053,5.3399,>,0.01016243891363769,0.02032487782727538,0.0008259504331484344
0.4,BCBM vs non-neoplastic liver,6.182650000000001,15.09055,<,0.004987714365348322,0.014963143096044965,0.0008259504331484344
0.4,BCBM vs liver metastasis,6.182650000000001,5.3399,>,0.560899785333059,0.560899785333059,0.0008259504331484344
0.4,non-neoplastic liver vs liver metastasis,15.09055,5.3399,>,0.018324307751516982,0.02748646162727547,0.0008259504331484344
