threshold,brain_median_pct,met_median_pct,liver_median_pct,liver_met_median_pct,liver_to_brain_ratio
0.02,0.04450,12.4134,37.6858,33.4867,847
0.04,0.01890,6.2198,28.3834,25.3208,1502
0.06,0.00990,3.7028,21.5516,19.4053,2177
0.08,0.00580,2.1896,15.7352,15.4540,2713
0.10,0.00360,1.3073,11.2241,12.7069,3118
0.12,0.00250,0.7932,8.1540,10.6718,3262
0.14,0.00190,0.4968,5.9391,9.2376,3126
0.16,0.00150,0.3133,4.3766,7.6216,2918
0.18,0.00130,0.1730,3.2915,5.7790,2532
0.20,0.00110,0.0995,2.5484,4.4500,2317
0.22,0.00090,0.0594,2.0258,3.4232,2251
0.24,0.00060,0.0377,1.6346,2.6184,2724
0.26,0.00040,0.0257,1.3349,2.0004,3337
0.28,0.00030,0.0183,1.1069,1.5332,3690
0.30,0.00020,0.0136,0.9246,1.1675,4623
0.32,0.00020,0.0104,0.7806,0.8898,3903
0.34,0.00020,0.0080,0.6646,0.6851,3323
0.36,0.00010,0.0063,0.5697,0.5267,5697
0.38,0.00010,0.0050,0.4820,0.4010,4820
0.40,0.00010,0.0041,0.3990,0.3041,3990
