sample_id,control_group,tissue_type,subfolder,ws_magenta_af,ws_brown_af,ws_mag_pos_mean,ws_hema_mean,ws_mag_pos_hemanorm,fov_mean_magenta_af,fov_mean_brown_af,fov_sd_magenta_af,n_fov_total,n_fov_used,n_fov_excluded,qc_flag
BR-01,brain,Normal brain,BR-01_Normal_brain,7.3e-05,0.815163,0.173654,0.372827,0.4657763520345898,3.933695652173913e-05,0.8467922173913043,0.00011493677630444914,132,92,40,
BR-02,brain,Normal brain,BR-02_Normal_brain,3.9e-05,0.722101,0.180718,0.256831,0.7036455879547251,4.5912280701754386e-05,0.7685057368421053,0.00016317607331289702,65,57,8,
BR-03,brain,Normal brain,BR-03_Normal_brain,9e-06,0.16794,0.145678,0.193169,0.754147922285667,1.6107142857142857e-05,0.19295237499999998,5.064501053249703e-05,58,56,2,
BR-04,brain,Normal brain,BR-04_Normal_brain,1.2e-05,0.47772,0.162347,0.189146,0.8583157983779724,3.554054054054054e-06,0.4729428648648648,1.9882860942035515e-05,84,74,10,
BR-05,brain,Normal brain,BR-05_Normal_brain,2.8e-05,0.645489,0.154627,0.223405,0.6921375976365792,1.4533898305084745e-05,0.7003194152542374,3.4693496240842995e-05,131,118,13,
BR-06,brain,Normal brain,BR-06_Normal_brain,1.1e-05,0.414884,0.144521,0.19699,0.7336463779887304,1.0536231884057971e-05,0.45071473913043475,4.02245795900045e-05,70,69,1,
BR-07,brain,Normal brain,BR-07_Normal_brain,3.6e-05,0.738641,0.190285,0.236157,0.805756340061908,3.8235294117647055e-06,0.8302134411764707,9.85026302496028e-06,40,34,6,
BR-08,brain,Normal brain,BR-08_Normal_brain,0.000418,0.523538,0.15058,0.213362,0.7057489149895483,0.0002228987341772152,0.5170942025316456,0.0008756993819038312,92,79,13,
BR-09,brain,Normal brain,BR-09_Normal_brain,8.8e-05,0.745108,0.155767,0.217291,0.716858958723555,3.0956521739130435e-05,0.7758254239130435,0.00010796707560172526,104,92,12,
BR-10,brain,Normal brain,BR-10_Normal_brain,1e-06,0.121481,0.17805,0.226606,0.7857250028684148,1.794871794871795e-07,0.09622041025641026,8.434299591486425e-07,42,39,3,
LV-01,liver,Normal liver,LV-01_Normal_liver,0.054858,0.367923,0.181361,0.209622,0.8651811355678316,0.05373277966101695,0.40685367796610167,0.08736385086484284,65,59,6,
LV-02,liver,Normal liver,LV-02_Normal_liver,0.04613,0.556243,0.153873,0.217513,0.7074197864035713,0.05499119117647059,0.6191649264705882,0.07697845381381983,74,68,6,
LV-03,liver,Normal liver,LV-03_Normal_liver,0.019864,0.240734,0.183004,0.185554,0.986257369822262,0.02317443181818182,0.2535494204545455,0.03277118718852509,113,88,25,
LV-04,liver,Normal liver,LV-04_3730_Normal_liver,0.020738,0.218426,0.169837,0.181814,0.934124984874652,0.022876303030303028,0.24243145454545453,0.051204103667213216,139,132,7,
LV-05,liver,Normal liver,LV-05_Normal_liver,0.11903,0.507909,0.181191,0.199548,0.9080070960370437,0.13964037362637363,0.5685547912087913,0.12893445223822178,113,91,22,
LV-06,liver,Normal liver,LV-06_Normal_liver,0.127405,0.466691,0.187696,0.236854,0.7924544234000692,0.1334878611111111,0.4893133888888889,0.11105095687269795,39,36,3,
LV-07,liver,Normal liver,LV-07_Normal_liver,0.105451,0.206412,0.169292,0.1822,0.9291547749725576,0.11620382051282051,0.2246288846153846,0.1315787676785808,79,78,1,
LV-08,liver,Normal liver,LV-08_Normal_liver,0.009763,0.453921,0.167012,0.353377,0.47261706336292403,0.010792371134020618,0.44552711340206186,0.01371554936703518,100,97,3,
LV-09,liver,Normal liver,LV-09_Normal_liver,0.074184,0.366815,0.15076,0.195735,0.7702250491736277,0.08308277777777778,0.39856045833333337,0.0982683618407638,82,72,10,
LV-10,liver,Normal liver,LV-10_Normal_liver,0.022714,0.434434,0.189494,0.203609,0.9306759524382516,0.023387970370370367,0.47612473333333327,0.02147892617287612,145,135,10,
LM-01,liver_met,Liver met,LM-01_Liver_met,0.127069,0.197013,0.235774,0.215922,1.0919406081825844,0.13611090374331553,0.20003180213903743,0.25044852503806997,199,187,12,
LM-02,liver_met,Liver met,LM-02_Liver_met,0.006316,0.194426,0.172896,0.339977,0.5085520491092045,0.008788144927536231,0.20498440579710145,0.04633041618127039,143,138,5,
LM-03,liver_met,Liver met,LM-03_Liver_met,0.172444,0.288552,0.175092,0.157046,1.1149090075519275,0.17889115,0.32426085,0.11731728362746684,24,20,4,
LM-04,liver_met,Liver met,LM-04_Liver_met,0.001809,0.229487,0.142155,0.326875,0.4348910133843212,0.0008944705882352942,0.08597111764705884,0.0011845072004671299,20,17,3,
LM-05,liver_met,Liver met,LM-05_Liver_met,0.025561,0.28265,0.134093,0.323397,0.4146389731506476,0.016262,0.3208043333333333,0.0032278278557981775,3,3,0,
LM-06,liver_met,Liver met,LM-06_Liver_met,0.001616,0.182584,0.161063,0.348665,0.46194197869014675,0.00012166666666666667,0.15207366666666666,9.370995441016689e-05,3,3,0,
LM-07,liver_met,Liver met,LM-07_Liver_met,9.5e-05,0.006298,0.146733,0.287089,0.5111063119799087,9.287500000000001e-05,0.0016665416666666666,0.00013714873693062822,28,24,4,
LM-08,liver_met,Liver met,LM-08_Liver_met,0.003327,0.172464,0.152747,0.300265,0.5087073085441194,0.0019604246575342463,0.1909664383561644,0.006265381399399398,81,73,8,
LM-09,liver_met,Liver met,LM-09_Liver_met,0.016001,0.473697,0.140686,0.385556,0.36489122202740976,0.018881790697674417,0.48308490697674417,0.03235839142706093,53,43,10,
LM-10,liver_met,Liver met,LM-10_Liver_met,0.0089,0.187059,0.139637,0.141457,0.987133899347505,0.006104428571428571,0.20535657142857144,0.006887735273461002,37,21,16,
LM-11,liver_met,Liver met,LM-11_Liver_met,0.000141,0.043473,0.176708,0.315548,0.5600035493807598,1.15e-05,0.006453,1.5173990905493518e-05,5,4,1,
BM-01,met,BCBM,BM-01_BCBM,0.000176,0.041883,0.155835,0.152667,1.0207510463950953,0.0006555625,0.064590625,0.0013459595075981112,32,16,16,
BM-02,met,BCBM,BM-02_BCBM,0.001055,0.429795,0.134469,0.258267,0.5206588530474276,0.001150688888888889,0.4463010222222222,0.001775835700886546,57,45,12,
BM-03,met,BCBM,BM-03_BCBM,0.002944,0.359125,0.137458,0.207595,0.6621450420289505,0.0067641666666666675,0.457295,0.007643839380325978,10,6,4,
BM-04,met,BCBM,BM-04_BCBM,0.013073,0.278493,0.146735,0.261212,0.5617467803929376,0.01444134693877551,0.25886932653061223,0.01560892915315477,120,98,22,
BM-05,met,BCBM,BM-05_BCBM,0.000131,0.200483,0.146597,0.191414,0.7658635209545801,7.066666666666666e-05,0.22632256666666667,0.00011787842135956106,104,60,44,
BM-06,met,BCBM,BM-06_BCBM,0.000196,0.041621,0.136842,0.26182,0.5226567871056451,2.916666666666667e-06,0.009828944444444444,1.1043789104187826e-05,38,36,2,
BM-07,met,BCBM,BM-07_BCBM,0.000722,0.311067,0.133867,0.227936,0.5873008212831673,0.0011786923076923077,0.34143826923076925,0.0032723768680981576,40,26,14,
BM-08,met,BCBM,BM-08_BCBM,0.010234,0.220482,0.128095,0.197022,0.6501558201622153,0.011860974683544304,0.274614329113924,0.032292203095466446,100,79,21,
BM-09,met,BCBM,BM-09_BCBM,6.5e-05,0.00545,0.186447,0.240331,0.77579255277097,6.011764705882352e-05,0.004370058823529413,6.654576696038614e-05,22,17,5,
BM-10,met,BCBM,BM-10_BCBM,1.3e-05,0.430842,0.190624,0.257504,0.7402758792096432,2.9666666666666665e-05,0.3502266666666667,4.1955002350401816e-05,3,3,0,
BM-11,met,BCBM,BM-11_BCBM,0.002709,0.165404,0.186239,0.208164,0.8946743913452855,0.0026006363636363636,0.17760880303030302,0.0033603717986770976,81,66,15,
BM-12,met,BCBM,BM-12_BCBM,0.001663,0.14611,0.139235,0.25995,0.535622235045201,0.001700368,0.14795828,0.004835028760263583,136,125,11,
BM-13,met,BCBM,BM-13_BCBM,0.006867,0.186488,0.136726,0.250163,0.5465476509315925,0.003476,0.255945,0.004032804607218158,22,8,14,
BM-14,met,BCBM,BM-14_BCBM,0.020445,0.292792,0.133377,0.328337,0.4062198290171379,0.01823307692307692,0.2795026923076923,0.022601750599188748,31,26,5,
BM-15,met,BCBM,BM-15_BCBM,0.000291,0.008258,0.17724,0.24828,0.7138714354760755,0.00019746875,0.0079229375,0.0001782331661712755,42,32,10,
BM-16,met,BCBM,BM-16_BCBM,0.000706,0.127558,0.144008,0.179056,0.8042623536770619,0.00058965,0.15584039,0.0013968524787893674,226,100,126,
BM-17,met,BCBM,BM-17_BCBM,0.000412,0.279057,0.160121,0.210091,0.7621506870832164,0.00039342682926829265,0.3115801707317073,0.0006343343549850794,85,82,3,
BM-18,met,BCBM,BM-18_BCBM,0.000106,0.22108,0.16529,0.291564,0.5669081230878984,7.880769230769231e-05,0.23542967307692308,0.0003308637320281533,68,52,16,
BM-19,met,BCBM,BM-19_BCBM,0.000518,0.036768,0.136571,0.127719,1.0693084036047886,0.00013099999999999999,0.041824538461538455,0.00024413615368982434,23,13,10,
BM-20,met,BCBM,BM-20_BCBM,9.5e-05,0.097285,0.163794,0.188089,0.8708324250753632,4.926666666666667e-05,0.09910076666666666,7.347831123686922e-05,50,30,20,
BM-21,met,BCBM,BM-21_BCBM,0.000222,0.023881,0.134736,0.290515,0.4637832814140405,0.00020684000000000002,0.021400186666666664,0.00031522732707259585,76,75,1,
BM-22,met,BCBM,BM-22_BCBM,0.000957,0.1583,0.138196,0.232498,0.5943965109377285,0.0012455818181818182,0.1681901090909091,0.0028686325008832982,86,55,31,
BM-23,met,BCBM,BM-23_BCBM,0.021648,0.250808,0.132927,0.233279,0.5698198294745777,0.011585014925373135,0.21210726865671642,0.01724282255307385,125,67,58,
BM-24,met,BCBM,BM-24_BCBM,0.004449,0.211197,0.144339,0.247431,0.5833505098391066,0.004435496240601504,0.2118744135338346,0.006128789331592211,161,133,28,
BM-25,met,BCBM,BM-25_BCBM,0.000611,0.062952,0.16162,0.272367,0.5933905355641469,0.0007630909090909091,0.034658545454545456,0.0014389434542270276,13,11,2,
BM-26,met,BCBM,BM-26_BCBM,2.5e-05,0.088885,0.191946,0.340619,0.5635211189041128,3.353846153846154e-05,0.0687655641025641,5.1474089152149085e-05,52,39,13,
